name,description,type,address,google_maps_url,area,sub_area,lat,lng,website,instagram,phone,email,openingHours
A White Space,"Fully-serviced event/retail/exhibition space run by A Whitespace Creative Agency (AWCA), used for short-lease art, fashion, music and lifestyle installations/exhibitions in Ikoyi.",Art Galleries,"58 Raymond Njoku Street, Ikoyi, Lagos",https://www.google.com/maps/search/?api=1&query=A%20White%20Space%2C%2058%20Raymond%20Njoku%20Street%2C%20Ikoyi%2C%20Lagos,ISLAND,Ikoyi,6.4416159,3.4188197,,@awhitespacelagos,+23414544987,team@aw-ca.com,
AINA,Contemporary art gallery in Ikoyi; confirmed active participant in Lagos Gallery Weekend 2025.,Art Galleries,"44 Raymond Njoku Street, Ikoyi, Lagos 106104",https://www.google.com/maps/search/?api=1&query=AINA%2C%2044%20Raymond%20Njoku%20Street%2C%20Ikoyi%2C%20Lagos%20106104,ISLAND,Ikoyi,6.4418544,3.4197407,,@aina_lagos_,,,
Adeline Gallery,"Contemporary art gallery in Ikoyi showcasing works by African artists, blending traditional and modern styles.",Art Galleries,"1 Adeyemi Bero cresent, Ilupeju-Anthony, Ikeja, Lagos",https://www.google.com/maps/search/?api=1&query=Adeline%20Gallery%2C%201%20Adeyemi%20Bero%20cresent%2C%20Ilupeju-Anthony%2C%20Ikeja%2C%20Lagos,MAINLAND,Mainland,6.5603064,3.3610438,,@theadelinegallery,,,Tue-Sat 9am-5pm
Angels and Muse,"Multi-modal creative hub/co-working space founded by artist Victor Ehikhamenor in 2018; artist residency, murals, stained glass, events (featured on Netflix ""Amazing Interiors"").",Art Hubs/Institutions,"5 Sumbo Jibowu, off Ribadu Awolowo Road, Ikoyi, Lagos",https://www.google.com/maps/search/?api=1&query=Angels%20and%20Muse%2C%205%20Sumbo%20Jibowu%2C%20off%20Ribadu%20Awolowo%20Road%2C%20Ikoyi%2C%20Lagos,ISLAND,Ikoyi,6.443626999999999,3.4188633,https://www.angelsandmuse.org/,@angelsandmuse,,,
Arthouse Contemporary,Contemporary art gallery and auction house in Ikoyi founded by Kavita Chellaram. One of Nigeria's leading auction platforms.,Art Galleries,"36 Cameron Road, Ikoyi, Lagos",https://www.google.com/maps/search/?api=1&query=Arthouse%20Contemporary%2C%2036%20Cameron%20Road%2C%20Ikoyi%2C%20Lagos,ISLAND,Ikoyi,6.456879,3.433213,https://arthouse-ng.com,@arthousecontemporary,2348055099096,,"{""mon"":""10am-6pm"",""tue"":""10am-6pm"",""wed"":""10am-6pm"",""thu"":""10am-6pm"",""fri"":""10am-6pm"",""sat"":""10am-5pm"",""sun"":""closed""}"
Bogobiri House,"African-themed boutique hotel and cultural hub in Ikoyi featuring an art gallery, live music, poetry nights and restaurant. Co-owned by Nimbus Gallery's Chike Nwagbogu.",Art Hubs/Institutions,"9 Maitama Sule Street, Off Awolowo Road, Ikoyi, Lagos",https://www.google.com/maps/search/?api=1&query=Bogobiri%20House%2C%209%20Maitama%20Sule%20Street%2C%20Off%20Awolowo%20Road%2C%20Ikoyi%2C%20Lagos,ISLAND,Ikoyi,6.4434862,3.4244928,https://bogobiri.com,@bogobirihouse,2347068176454,info@bogobiri.com,"{""mon"":""8am-11pm"",""tue"":""8am-11pm"",""wed"":""8am-11pm"",""thu"":""8am-11pm"",""fri"":""8am-11pm"",""sat"":""8am-11pm"",""sun"":""8am-11pm""}"
Brilliant Brush Gallery,Registered art centre in Ikoyi founded as an offshoot of the Osigwe Anyiam-Osigwe Foundation by Kennedy Anyiam-Osigwe (Chairman); exhibits and sells African artworks and paintings.,Art Galleries,"9A Raymond Njoku Street, S/W Ikoyi, Lagos",https://www.google.com/maps/search/?api=1&query=Brilliant%20Brush%20Gallery%2C%209A%20Raymond%20Njoku%20Street%2C%20S/W%20Ikoyi%2C%20Lagos,ISLAND,Ikoyi,6.4426004,3.4251012,https://brilliantbrushgallery.com,@brilliantbrushgallery,+2348174018656,,
Jazzhole,"A bookstore, record shop and cafe in Ikoyi founded by Kunle Tejuosho as an offshoot of the Glendora bookstore chain; hosts monthly art exhibitions, live jazz evenings, and holds a notable collection of African books, records and artworks.",Art Hubs/Institutions,"168 Awolowo Road, Ikoyi, Lagos 106104",https://www.google.com/maps/search/?api=1&query=Jazzhole%2C%20168%20Awolowo%20Road%2C%20Ikoyi%2C%20Lagos%20106104,ISLAND,Ikoyi,6.4430801,3.4218455,https://www.jazzholelagos.org,@jazzholelagos,+2347060648580,jazzhole@glendorabooks.net,Mon-Sat 9:30am-7pm; Sun 12pm-6pm (verify)
Ko Art Space,Intimate contemporary art gallery founded by Kavita Chellaram. Champions Nigeria's leading modern artists alongside emerging contemporary African talent. Distinctive art deco interior.,Art Galleries,"36 Cameron Road Flat 1A, Ikoyi, Lagos",https://www.google.com/maps/search/?api=1&query=Ko%20Art%20Space%2C%2036%20Cameron%20Road%20Flat%201A%2C%20Ikoyi%2C%20Lagos,ISLAND,Ikoyi,6.4568802,3.4331391,https://ko-artspace.com,@ko_artspace,2347030728371,info@ko-artspace.com,"{""mon"":""closed"",""tue"":""11am-6pm"",""wed"":""11am-6pm"",""thu"":""11am-6pm"",""fri"":""11am-6pm"",""sat"":""11am-6pm"",""sun"":""closed""}"
Kokopelli Gallery,"Modern/contemporary art gallery established in 2021, multi-roomed space including ""The Grotto"" immersive storytelling installation; hosts regular solo and group exhibitions of Nigerian/African artists.",Art Galleries,"17 Ademola Street, Ikoyi, Lagos",https://www.google.com/maps/search/?api=1&query=Kokopelli%20Gallery%2C%2017%20Ademola%20Street%2C%20Ikoyi%2C%20Lagos,ISLAND,Ikoyi,6.4419084,3.4135015,https://kokopelliafrica.com,@thekokopelligallery,+2349096697069,gallery@kokopelliafrica.com,Sun-Mon 2pm-5pm; Tue-Sat 10am-6pm
Mydrim Gallery,Established gallery in Ikoyi by Sinmidele Ogunsanya hosting temporary exhibitions and permanent displays of contemporary and traditional Nigerian art.,Art Galleries,"74B Norman Williams Street, Ikoyi, Lagos",https://www.google.com/maps/search/?api=1&query=Mydrim%20Gallery%2C%2074B%20Norman%20Williams%20Street%2C%20Ikoyi%2C%20Lagos,ISLAND,Ikoyi,6.4442219,3.4176756,https://mydrimgallery.com,@mydrim_gallery,2348051832375,,"{""mon"":""10am-6pm"",""tue"":""10am-6pm"",""wed"":""10am-6pm"",""thu"":""10am-6pm"",""fri"":""10am-6pm"",""sat"":""10am-5pm"",""sun"":""closed""}"
Nimbus Gallery,Long-established gallery opened 1991 in Ikoyi by Chike Nwagbogu. Hosts temporary exhibitions of contemporary and modern Nigerian art.,Art Galleries,"9 Maitama Sule Street, Off Awolowo Road, South-West Ikoyi, Lagos",https://www.google.com/maps/search/?api=1&query=Nimbus%20Gallery%2C%209%20Maitama%20Sule%20Street%2C%20Off%20Awolowo%20Road%2C%20South-West%20Ikoyi%2C%20Lagos,ISLAND,Ikoyi,6.4433638,3.4243819,https://nimbusgallery.com,@nimbus_art_gallery,2349028130421,,"{""mon"":""10am-6pm"",""tue"":""10am-6pm"",""wed"":""10am-6pm"",""thu"":""10am-6pm"",""fri"":""10am-6pm"",""sat"":""10am-5pm"",""sun"":""closed""}"
Ogirikan Art Gallery,Contemporary African art space in Ikoyi making quality artwork accessible to collectors and enthusiasts. Located on Raymond Njoku Street.,Art Galleries,"38B, Raymond Njoku Street, Ikoyi, Lagos",https://www.google.com/maps/search/?api=1&query=Ogirikan%20Art%20Gallery%2C%2038B%2C%20Raymond%20Njoku%20Street%2C%20Ikoyi%2C%20Lagos,ISLAND,Ikoyi,6.4419441,3.4205996,,@ogirikan,,,"{""mon"":""10am-6pm"",""tue"":""10am-6pm"",""wed"":""10am-6pm"",""thu"":""10am-6pm"",""fri"":""10am-6pm"",""sat"":""10am-5pm"",""sun"":""closed""}"
Omenka Gallery,"Contemporary Nigerian art gallery founded by Oliver Enwonwu in 2003, housed in the historic home of Ben Enwonwu. Showcases Nigerian and international artists.",Art Galleries,"24 Ikoyi Crescent, Ikoyi, Lagos",https://www.google.com/maps/search/?api=1&query=Omenka%20Gallery%2C%2024%20Ikoyi%20Crescent%2C%20Ikoyi%2C%20Lagos,ISLAND,Ikoyi,6.464,3.434611,https://www.omenka.gallery,@omenkagallery,2349090846991,info@gallery.omenka.net,"{""mon"":""10am-7pm"",""tue"":""10am-7pm"",""wed"":""10am-7pm"",""thu"":""10am-7pm"",""fri"":""10am-7pm"",""sat"":""10am-8pm"",""sun"":""2pm-7pm""}"
Quintessence Gallery,Established gallery in the Parkview Estate Ikoyi neighbourhood hosting temporary exhibitions and permanent displays of fine art.,Art Galleries,"285 Akin Olugbade Street, Victoria Island, Lagos",https://www.google.com/maps/search/?api=1&query=Quintessence%20Gallery%2C%20285%20Akin%20Olugbade%20Street%2C%20Victoria%20Island%2C%20Lagos,ISLAND,Victoria Island,6.4310262,3.4219865,https://quintessenceltd.com,@quintessenceng,2348033275401,,"{""mon"":""10am-6pm"",""tue"":""10am-6pm"",""wed"":""10am-6pm"",""thu"":""10am-6pm"",""fri"":""10am-6pm"",""sat"":""10am-5pm"",""sun"":""closed""}"
Rele Gallery,Dynamic contemporary art gallery founded by Adenrele Sonariwo in 2015. Known for championing emerging African artists with international reach including spaces in London and LA.,Art Galleries,"32 Thompson Avenue, Ikoyi, Lagos",https://www.google.com/maps/search/?api=1&query=Rele%20Gallery%2C%2032%20Thompson%20Avenue%2C%20Ikoyi%2C%20Lagos,ISLAND,Ikoyi,6.4562502,3.4350817,https://www.rele.co,@relegallery,2348093215460,,"{""mon"":""closed"",""tue"":""11am-6pm"",""wed"":""11am-6pm"",""thu"":""11am-6pm"",""fri"":""11am-6pm"",""sat"":""11am-6pm"",""sun"":""closed""}"
SMO Contemporary Art,Contemporary art gallery with locations at The Wheatbaker Hotel in Ikoyi and Temple Muse in Victoria Island.,Art Galleries,"4 Onitolo Road (former Lawrence Road), Ikoyi, Lagos",https://www.google.com/maps/search/?api=1&query=SMO%20Contemporary%20Art%2C%204%20Onitolo%20Road%20%28former%20Lawrence%20Road%29%2C%20Ikoyi%2C%20Lagos,ISLAND,Ikoyi,6.4528511,3.4451141,https://smocontemporaryart.com,@smocontemporaryart,2348099977552,,"{""mon"":""10am-6pm"",""tue"":""10am-6pm"",""wed"":""10am-6pm"",""thu"":""10am-6pm"",""fri"":""10am-6pm"",""sat"":""10am-6pm"",""sun"":""closed""}"
Signature Beyond,Gallery on Awolowo Road Ikoyi by Rahman Akar featuring permanent displays of fine art and design.,Art Galleries,"107 Awolowo Road, Ikoyi, Lagos",https://www.google.com/maps/search/?api=1&query=Signature%20Beyond%2C%20107%20Awolowo%20Road%2C%20Ikoyi%2C%20Lagos,ISLAND,Ikoyi,6.4433036,3.4214641,https://signaturebeyond.com,@signatureandsogal,2348033177676,,"{""mon"":""10am-6pm"",""tue"":""10am-6pm"",""wed"":""10am-6pm"",""thu"":""10am-6pm"",""fri"":""10am-6pm"",""sat"":""10am-5pm"",""sun"":""closed""}"
Soto Gallery,SOTO Gallery is a contemporary art gallery and community-centered creative space in Ikoyi founded by interior designer Tola Akerele in September 2022; curates the +234Art Fair and runs an artist residency programme.,Art Galleries,"10 Omo Osagie Street, Ikoyi, Lagos",https://www.google.com/maps/search/?api=1&query=Soto%20Gallery%2C%2010%20Omo%20Osagie%20Street%2C%20Ikoyi%2C%20Lagos,ISLAND,Ikoyi,6.4462468,3.4233187,https://sotogallery.org,@sotogallery,+2348162889248,info@sotogallery.org,Tue-Sat 11am-6pm
Suudu Lagos,"A members-only creative/social club in Ikoyi hosting art, music, and culture events (listening parties, pop-up markets, curated “Open Parlour” sessions).",Art Hubs/Institutions,"10 Raymond Njoku St, Ikoyi, Lagos",https://www.google.com/maps/search/?api=1&query=Suudu%20Lagos%2C%2010%20Raymond%20Njoku%20St%2C%20Ikoyi%2C%20Lagos,ISLAND,Ikoyi,6.4429272,3.4244116,,@suudulagos,,,
The Treehouse Lagos,"Artist-led experimental space for artistic research, performance and radical creative practice, founded by artist Wura-Natasha Ogunji in 2018, located on the 7th floor of a YMCA building in Ikoyi.",Art Hubs/Institutions,"7th floor, YMCA Building, 77 Awolowo Road, Ikoyi, Lagos",https://www.google.com/maps/search/?api=1&query=The%20Treehouse%20Lagos%2C%207th%20floor%2C%20YMCA%20Building%2C%2077%20Awolowo%20Road%2C%20Ikoyi%2C%20Lagos,ISLAND,Ikoyi,6.4418773,3.4159386,https://treehouselagos.com,@treehouselagos,,,By appointment/programme-based
The Wheatbaker,"Boutique hotel in Ikoyi, opened 2011 as Nigeria's first ""art hotel""; contemporary African art displayed throughout its public spaces, curated in partnership with Bloom Art, with exhibitions rotated every 2-3 months.",Art Hubs/Institutions,"4 Onitolo (Lawrence) Road, Ikoyi, Lagos",https://www.google.com/maps/search/?api=1&query=The%20Wheatbaker%2C%204%20Onitolo%20%28Lawrence%29%20Road%2C%20Ikoyi%2C%20Lagos,ISLAND,Ikoyi,6.4533863,3.4458239,https://thewheatbakerlagos.com,@officiallywheatbaker,+2349164359466,,24hr hotel
Thought Pyramid Art Center,"Innovative multi-floor art gallery and cultural hub founded in 2007 by Jeff Ajeushi. Features paintings, sculptures, installations and a restaurant. Located in a distinctive pyramid-style building.",Art Galleries,"96 Norman Williams Street, South West Ikoyi, Lagos",https://www.google.com/maps/search/?api=1&query=Thought%20Pyramid%20Art%20Center%2C%2096%20Norman%20Williams%20Street%2C%20South%20West%20Ikoyi%2C%20Lagos,ISLAND,Ikoyi,6.4442311,3.4162518,https://thoughtpyramidartcentre.com,@thoughtpyramidlagos_,2349060008531,,"{""mon"":""10am-6pm"",""tue"":""10am-6pm"",""wed"":""10am-6pm"",""thu"":""10am-6pm"",""fri"":""10am-6pm"",""sat"":""1pm-6pm"",""sun"":""closed""}"
Treasure House Fine Arts,"Established gallery in Ikoyi, Lagos operating since 1982, showcasing original Nigerian paintings and artworks; one of Ikoyi's prominent fine-art destinations.",Art Galleries,"130 Awolowo Road, Ikoyi, Lagos",https://www.google.com/maps/search/?api=1&query=Treasure%20House%20Fine%20Arts%2C%20130%20Awolowo%20Road%2C%20Ikoyi%2C%20Lagos,ISLAND,Ikoyi,6.4423696,3.4194223,https://treasurehousefinearts.com,,+2348027172478,,
Museum Of Contemporary Art (Moca) Lagos,Museum of Contemporary Art Lagos hosting temporary exhibitions of cutting-edge contemporary art in Eti-Osa.,Museums,"Okun-Ajah Road, Lekki, Lagos",https://www.google.com/maps/search/?api=1&query=Museum%20Of%20Contemporary%20Art%20%28Moca%29%20Lagos%2C%20Okun-Ajah%20Road%2C%20Lekki%2C%20Lagos,ISLAND,Lekki,6.4266435,3.5955839,,@mocalagos9ja,2347017012659,,"{""mon"":""10am-6pm"",""tue"":""10am-6pm"",""wed"":""10am-6pm"",""thu"":""10am-6pm"",""fri"":""10am-6pm"",""sat"":""10am-6pm"",""sun"":""closed""}"
Biodun Omolayo Gallery,Gallery by Biodun Omolayo located in The City Mall in Onikan. Specialises in Nigerian contemporary and traditional art.,Art Galleries,"2nd Floor, The City Mall, Opposite Muson Centre, Onikan, Lagos",https://www.google.com/maps/search/?api=1&query=Biodun%20Omolayo%20Gallery%2C%202nd%20Floor%2C%20The%20City%20Mall%2C%20Opposite%20Muson%20Centre%2C%20Onikan%2C%20Lagos,ISLAND,Lagos Island,6.4442111,3.4021695,https://biodunomolayo-artgallery.com,@omolayogallery,2348023118105,,"{""mon"":""10am-7pm"",""tue"":""10am-7pm"",""wed"":""10am-7pm"",""thu"":""10am-7pm"",""fri"":""10am-7pm"",""sat"":""10am-7pm"",""sun"":""closed""}"
Freedom Park,"Historic cultural space and museum on the old colonial prison grounds off Broad Street Lagos Island. Hosts art exhibitions, concerts and events.",Art Hubs/Institutions,"1 Hospital Road, Old Prison Ground, Lagos Island, Lagos",https://www.google.com/maps/search/?api=1&query=Freedom%20Park%2C%201%20Hospital%20Road%2C%20Old%20Prison%20Ground%2C%20Lagos%20Island%2C%20Lagos,ISLAND,Lagos Island,6.4488993,3.3965146,,@freedomparklagos,2348095006570,,"{""mon"":""10am-10pm"",""tue"":""10am-10pm"",""wed"":""10am-10pm"",""thu"":""10am-10pm"",""fri"":""10am-10pm"",""sat"":""10am-10pm"",""sun"":""10am-10pm""}"
Gemini Art Gallery,"Long-established private art gallery in Onikan founded by Raphael Akinnire, showcasing paintings, sculptures, and carved wood works from Nigerian artists.",Art Galleries,"27/29 Kings George V Road, Onikan, Lagos",https://www.google.com/maps/search/?api=1&query=Gemini%20Art%20Gallery%2C%2027/29%20Kings%20George%20V%20Road%2C%20Onikan%2C%20Lagos,ISLAND,Lagos Island,6.446735,3.4055143,https://geminiart27.com,@geminiartsgallery,+2348023936743,Raphola2000@yahoo.com,Mon-Sat 9am-7pm
Goethe Institut Lagos,"German cultural institute hosting exhibitions, film screenings, and cultural programmes at Lagos City Hall.",Art Hubs/Institutions,"7, Anifowoshe Street, Victoria Island, Lagos",https://www.google.com/maps/search/?api=1&query=Goethe%20Institut%20Lagos%2C%207%2C%20Anifowoshe%20Street%2C%20Victoria%20Island%2C%20Lagos,ISLAND,Victoria Island,6.433577499999999,3.4153034,https://www.goethe.de/ins/ng/en/index.html,@gi_nigeria,23414549515,,"{""mon"":""9am-5pm"",""tue"":""9am-5pm"",""wed"":""9am-5pm"",""thu"":""9am-5pm"",""fri"":""9am-5pm"",""sat"":""closed"",""sun"":""closed""}"
National Museum Lagos,Historic national museum in Onikan preserving Nigerian cultural heritage through permanent and temporary exhibitions.,Museums,"Onikan Road, Onikan, Lagos Island, Lagos",https://www.google.com/maps/search/?api=1&query=National%20Museum%20Lagos%2C%20Onikan%20Road%2C%20Onikan%2C%20Lagos%20Island%2C%20Lagos,ISLAND,Lagos Island,6.4442681,3.4036542,,@nationalmuseum_lagos,,,"{""mon"":""9am-4pm"",""tue"":""9am-4pm"",""wed"":""9am-4pm"",""thu"":""9am-4pm"",""fri"":""9am-4pm"",""sat"":""9am-4pm"",""sun"":""9am-4pm""}"
Pada Lagos,"A guesthouse and cultural event space on Lagos Island combining accommodation with a creative programming arm (""PARC"") for talks, exhibitions and community gatherings.",Art Hubs/Institutions,"27 Boyle Street, Lagos Island, Lagos",https://www.google.com/maps/search/?api=1&query=Pada%20Lagos%2C%2027%20Boyle%20Street%2C%20Lagos%20Island%2C%20Lagos,ISLAND,Lagos Island,6.4458,3.4053369,https://www.padalagos.com,@padalagos,,,
John Randle Centre,Historic cultural centre on Lagos Island featuring the John Randle Museum dedicated to Yoruba cultural heritage and history.,Art Hubs/Institutions,"Onikan Roundabout, Lagos Island, Lagos",https://www.google.com/maps/search/?api=1&query=Randle%20Center%2C%20Onikan%20Roundabout%2C%20Lagos%20Island%2C%20Lagos,ISLAND,Lagos Island,6.4433869,3.4027978,,@jrandlecentre,,,
Truview Art and Frames Gallery,"Permanent-display art and frames gallery in the City Mall, Onikan, run by Juwon Olusanya. Note: a 2019 news article listed it among Lagos galleries reported closed/gone virtual-only — current operating status has not been independently reconfirmed.",Art Galleries,"Shop F15, City Mall, Onikan, Lagos",https://www.google.com/maps/search/?api=1&query=Truview%20Art%20and%20Frames%20Gallery%2C%20Shop%20F15%2C%20City%20Mall%2C%20Onikan%2C%20Lagos,ISLAND,Lagos Island,6.44405,3.40264,http://www.truviewartgallery.com,,8033228098,jolusanya@hotmail.com,
AMG Projects,Contemporary art gallery space in Lekki Phase 1 hosting temporary exhibitions by Nigerian and African artists.,Art Galleries,"24 Rasheed Alaba Williams, Lekki Phase 1, Lagos",https://www.google.com/maps/search/?api=1&query=AMG%20Projects%2C%2024%20Rasheed%20Alaba%20Williams%2C%20Lekki%20Phase%201%2C%20Lagos,ISLAND,Lekki,6.4433627,3.4622406,https://amgprojects.art,@amgprojects.art,2347041005222,info@amgprojects.art,"{""mon"":""closed"",""tue"":""11am-6pm"",""wed"":""11am-6pm"",""thu"":""11am-6pm"",""fri"":""11am-6pm"",""sat"":""11am-6pm"",""sun"":""closed""}"
Awizzy Online Art Gallery,"Online-oriented art gallery/studio run by visual artist Ayeola Ayodeji Abiodun (""Awizzy""), based in Ajah; sells paintings, portraits, drawings, sculptures, graphics, with delivery for buyers who cannot visit.",Art Galleries,"No 5, Kasim Momodu Street, Ajah, Lagos",https://www.google.com/maps/search/?api=1&query=Awizzy%20Online%20Art%20Gallery%2C%20No%205%2C%20Kasim%20Momodu%20Street%2C%20Ajah%2C%20Lagos,ISLAND,Lekki,6.4673534,3.5924291,http://www.awizzy.net,@ayeolaayodeji,+2347039409847,info@awizzy.net,
CeraCerni's Art Hub,"Lagos' largest creative-experience studio offering sip & paint, pottery, tufting and other guided art activities, plus an on-site cafe (The Palette) and rentable event halls.",Art Hubs/Institutions,"65B Akintunde Adeyemi Drive, off Adewole Kuku, Lekki Phase 1, Lagos",https://www.google.com/maps/search/?api=1&query=CeraCerni%27s%20Art%20Hub%2C%2065B%20Akintunde%20Adeyemi%20Drive%2C%20off%20Adewole%20Kuku%2C%20Lekki%20Phase%201%2C%20Lagos,ISLAND,Lekki,6.4419939,3.480569,https://www.ceracerniarthub.com,@ceracerni_arthub,+2348061176101,,"{""mon"":""11am-9pm"",""tue"":""11am-9pm"",""wed"":""11am-9pm"",""thu"":""11am-9pm"",""fri"":""11am-9pm"",""sat"":""11am-9pm"",""sun"":""1pm-9pm""}"
Fobally Art World Africa,Contemporary African art gallery and online marketplace in Lekki connecting African artists (including modern-era masters and emerging talent) with collectors; also runs an art foundation and school art competitions.,Art Galleries,"3 Obi Achebe Drive, Ikate, Lekki Phase 1, Lagos",https://www.google.com/maps/search/?api=1&query=Fobally%20Art%20World%20Africa%2C%203%20Obi%20Achebe%20Drive%2C%20Ikate%2C%20Lekki%20Phase%201%2C%20Lagos,ISLAND,Lekki,6.4263923,3.4787317,https://foballyartworld.com,@foballyartworld_africa,8149313658,onboarding@foballyartworld.com,
Iwalewa Gallery of Arts,"Three-floor contemporary African art gallery in Lekki Phase 1 founded by artist/curator Femi Williams, with a large collection and an attached restaurant/bar. Distinct from the Iwalewahaus in Bayreuth, Germany.",Art Galleries,"29A Chris Madueke Drive, Lekki Phase 1, Lagos",https://www.google.com/maps/search/?api=1&query=Iwalewa%20Gallery%20of%20Arts%2C%2029A%20Chris%20Madueke%20Drive%2C%20Lekki%20Phase%201%2C%20Lagos,ISLAND,Lekki,6.4408081,3.4613684,https://iwalewagallery.com,@iwalewagalleryofart,+2348063759134,info@iwalewagallery.com,
Lekki Art Market,"Open-air market (also called Jakande Market / Oba Elegushi Market) where independent vendors sell African arts and crafts: paintings, sculptures, wood and metal works, textiles, jewelry.",Art Hubs/Institutions,"Oba Elegushi Street, off Lekki-Epe Expressway (between 4th and 5th Roundabout), Lekki Phase 1, Lagos",https://www.google.com/maps/search/?api=1&query=Lekki%20Art%20Market%2C%20Oba%20Elegushi%20Street%2C%20off%20Lekki-Epe%20Expressway%20%28between%204th%20and%205th%20Roundabout%29%2C%20Lekki%20Phase%201%2C%20Lagos,ISLAND,Lekki,6.4342187,3.5058731,,@lekkiartmarket,,,Daily ~9am-6pm (verify)
Nike Art Gallery,"West Africa's largest art gallery owned by Chief Nike Davies-Okundaye, housing over 8000 artworks across five floors. Offers workshops, cultural performances, and bed & breakfast.",Art Galleries,"2 Nike Art Gallery Rd, Lekki Phase I, Lagos",https://www.google.com/maps/search/?api=1&query=Nike%20Art%20Gallery%2C%202%20Nike%20Art%20Gallery%20Rd%2C%20Lekki%20Phase%20I%2C%20Lagos,ISLAND,Lekki,6.4315071,3.4818389,https://nikeartfoundation.com,@nikeartgallery,2348033036969,,"{""mon"":""10am-6pm"",""tue"":""10am-6pm"",""wed"":""10am-6pm"",""thu"":""10am-6pm"",""fri"":""10am-6pm"",""sat"":""10am-6pm"",""sun"":""1pm-6pm""}"
Olori Art Foundation,"Multi-level creative hub in Lekki founded in 2021 by Aina Davies, combining an art gallery, cafe, and workshop space (painting, Adire, craft).",Art Hubs/Institutions,"139 Josemaria Escriva St, Lekki, Lagos 106104 (behind Nike Art Gallery)",https://www.google.com/maps/search/?api=1&query=Olori%20Art%20Foundation%2C%20139%20Josemaria%20Escriva%20St%2C%20Lekki%2C%20Lagos%20106104%20%28behind%20Nike%20Art%20Gallery%29,ISLAND,Lekki,6.4311701,3.4813254,https://www.oloriart.com,@olori.art,8039904544,,
Pendulum Art Gallery,"Long-running Lagos gallery (opened late 1990s) focused on culture and development, hosting exhibitions and events tied to art and visual culture.",Art Galleries,"7 Unity Close, Off Admiralty Road, Lekki Phase 1, Lagos",https://www.google.com/maps/search/?api=1&query=Pendulum%20Art%20Gallery%2C%207%20Unity%20Close%2C%20Off%20Admiralty%20Road%2C%20Lekki%20Phase%201%2C%20Lagos,ISLAND,Lekki,6.4538665,3.470212,,@gallerypendulum,+2341 2705968,,
Sachs Gallery,Art gallery in Lekki Phase 1 by Bernie Umeri-Mjalli featuring permanent displays of fine art.,Art Galleries,"6 Admiralty Road, Lekki Phase 1, Lagos",https://www.google.com/maps/search/?api=1&query=Sachs%20Gallery%2C%206%20Admiralty%20Road%2C%20Lekki%20Phase%201%2C%20Lagos,ISLAND,Lekki,6.4571294,3.4709133,,@sachsgallery,2348033100306,,"{""mon"":""10am-6pm"",""tue"":""10am-6pm"",""wed"":""10am-6pm"",""thu"":""10am-6pm"",""fri"":""10am-6pm"",""sat"":""10am-5pm"",""sun"":""closed""}"
Tribes Art Africa,"Gallery specialising in traditional and contemporary African tribal art, located off the Lekki-Epe Expressway.",Art Galleries,"2 Wasiu Ibrahim Close, Off Adeba Road, Lekki-Epe Expressway, Lagos",https://www.google.com/maps/search/?api=1&query=Tribes%20Art%20Africa%2C%202%20Wasiu%20Ibrahim%20Close%2C%20Off%20Adeba%20Road%2C%20Lekki-Epe%20Expressway%2C%20Lagos,ISLAND,Lekki,6.4654577,3.7311012,https://tribesartafrica.com,@tribesartafrica,2348033074428,,"{""mon"":""10am-6pm"",""tue"":""10am-6pm"",""wed"":""10am-6pm"",""thu"":""10am-6pm"",""fri"":""10am-6pm"",""sat"":""10am-5pm"",""sun"":""closed""}"
Watersworth Gallery,Art gallery/broker in Lekki Phase 1 connecting Nigerian and African artists with collectors.,Art Galleries,"3B Unity Close, off Africa Lane, Lekki Phase 1, Lagos",https://www.google.com/maps/search/?api=1&query=Watersworth%20Gallery%2C%203B%20Unity%20Close%2C%20off%20Africa%20Lane%2C%20Lekki%20Phase%201%2C%20Lagos,ISLAND,Lekki,6.4561425,3.4734671,http://www.watersworthart.com,,+2348099990921,,
Wunika Mukan,"Contemporary art gallery founded in 2020 by Wunika Mukan (formerly Pacers gallery space), representing African and diaspora artists and exhibiting at ART X Lagos.",Art Galleries,"31b Bashorun R.I. Okusanya Avenue, Lekki Phase 1, Lagos 105102",https://www.google.com/maps/search/?api=1&query=Wunika%20Mukan%2C%2031b%20Bashorun%20R.I.%20Okusanya%20Avenue%2C%20Lekki%20Phase%201%2C%20Lagos%20105102,ISLAND,Lekki,6.4484968,3.471622,https://wunikamukangallery.com,@wunikamukangallery,+2348099921206,,Tue-Sun 11am-6pm
Yato Art In Autism Gallery,"Gallery/shop run by the Spotlight African Network, an autism-awareness initiative that organizes ""Art in Autism"" festivals and sells art by artists on the autism spectrum, also operating an online shop at yatoart.org/shop.",Art Galleries,"Marshy Hill Estate, 17 Omoba Bade St, off Akins Bus Stop, Eti-Osa, Lekki 106104, Lagos",https://www.google.com/maps/search/?api=1&query=Yato%20Art%20In%20Autism%20Gallery%2C%20Marshy%20Hill%20Estate%2C%2017%20Omoba%20Bade%20St%2C%20off%20Akins%20Bus%20Stop%2C%20Eti-Osa%2C%20Lekki%20106104%2C%20Lagos,ISLAND,Lekki,6.4870807,3.5813008,https://www.yatoart.org,,+2348139057077,,
Yemisi Shyllon Museum of Art,Expansive education-centred museum at Pan-Atlantic University focused on African materiality and cultural heritage. One of Nigeria's largest private art collections.,Museums,"Pan-Atlantic University, KM 52 Lekki Expressway, Ibeju-Lekki, Lagos",https://www.google.com/maps/search/?api=1&query=Yemisi%20Shyllon%20Museum%20of%20Art%2C%20Pan-Atlantic%20University%2C%20KM%2052%20Lekki%20Expressway%2C%20Ibeju-Lekki%2C%20Lagos,ISLAND,Lekki,6.4688629,3.704373,https://pau.edu.ng,@shyllonmuseum,2349136012439,ysma@pau.edu.ng,"{""mon"":""10am-5pm"",""tue"":""10am-5pm"",""wed"":""10am-5pm"",""thu"":""10am-5pm"",""fri"":""10am-5pm"",""sat"":""10am-5pm"",""sun"":""closed""}"
Badagry Heritage Museum,"Museum in Badagry documenting the history of the transatlantic slave trade, colonial and pre-colonial heritage of the town; offers guided tours.",Museums,"Badagry, Lagos",https://www.google.com/maps/search/?api=1&query=Badagry%20Heritage%20Museum%2C%20Badagry%2C%20Lagos,MAINLAND,Mainland,6.4121594,2.8894781,https://badagry.museumcall.com,,+2349022484140,,Mon-Sat 9am-5pm; Sun 12pm-5pm
Centre for Contemporary Art (CCA),"Independent non-profit visual art organization founded in 2007 by Bisi Silva. Specialises in experimental media, photography, film and performance art. Reopened 2025 after major renovation.",Art Hubs/Institutions,"9 McEwen Street, Sabo, Yaba, Lagos",https://www.google.com/maps/search/?api=1&query=Centre%20for%20Contemporary%20Art%20%28CCA%29%2C%209%20McEwen%20Street%2C%20Sabo%2C%20Yaba%2C%20Lagos,MAINLAND,Mainland,6.5033964,3.3784377,https://ccalagos.org,@ccalagos,2348036596346,info@ccalagos.org,"{""mon"":""closed"",""tue"":""closed"",""wed"":""12pm-6pm"",""thu"":""closed"",""fri"":""12pm-6pm"",""sat"":""12pm-6pm"",""sun"":""closed""}"
Henrimoweta African Art Center,Gallery dedicated to African art by Henri Moweta with locations in Anthony Village and Victoria Island.,Art Galleries,"7 Adebayo Mokuolu Street, Opposite Hotel Newcastle, Anthony Village, Lagos",https://www.google.com/maps/search/?api=1&query=Henrimoweta%20African%20Art%20Center%2C%207%20Adebayo%20Mokuolu%20Street%2C%20Opposite%20Hotel%20Newcastle%2C%20Anthony%20Village%2C%20Lagos,MAINLAND,Mainland,6.5580132,3.3708755,https://www.facebook.com/henrimowetaart/,,2347033974949,,"{""mon"":""10am-6pm"",""tue"":""10am-6pm"",""wed"":""10am-6pm"",""thu"":""10am-6pm"",""fri"":""10am-6pm"",""sat"":""10am-5pm"",""sun"":""closed""}"
Jelosimi Art Center,Art learning centre in Oshodi offering permanent displays and learning sessions for visual arts.,Art Hubs/Institutions,"13 Arowojobe Street, Oshodi, Lagos",https://www.google.com/maps/search/?api=1&query=Jelosimi%20Art%20Center%2C%2013%20Arowojobe%20Street%2C%20Oshodi%2C%20Lagos,MAINLAND,Mainland,6.5631445,3.342016,,@jelosimiartcenter,2348135513125,info@jelosimiartcenter.com,"{""mon"":""9am-5pm"",""tue"":""9am-5pm"",""wed"":""9am-5pm"",""thu"":""9am-5pm"",""fri"":""9am-5pm"",""sat"":""9am-3pm"",""sun"":""closed""}"
KAP Hub,"KAP Hub (Kunle Afolayan Production Hub) is a creative/cultural complex in Ikeja founded by filmmaker Kunle Afolayan, housing KAP Cinemas, KAP Film & Television Academy, KAP Sound Stage Studio and Afefeyeye Restaurant & Bar.",Art Hubs/Institutions,"41 Ogundana Street, off Allen Avenue, Ikeja, Lagos",https://www.google.com/maps/search/?api=1&query=KAP%20Hub%2C%2041%20Ogundana%20Street%2C%20off%20Allen%20Avenue%2C%20Ikeja%2C%20Lagos,MAINLAND,Mainland,6.603472,3.3561938,https://kaphubnews.com,@kap_hub,+2349062864253,info@kap-hub.com,
MadhousebyTikera,"MAD House by Tikera Africa: creative incubator/accelerator/innovation lab built from repurposed shipping containers on the UNILAG waterfront, launched Dec 2023 by photographer Bayo Omoboriowo; photo/production studios, sound facilities, theatre, casting studio.",Art Hubs/Institutions,"UNILAG Lagoon Front, University of Lagos, Akoka, Yaba, Lagos",https://www.google.com/maps/search/?api=1&query=MadhousebyTikera%2C%20UNILAG%20Lagoon%20Front%2C%20University%20of%20Lagos%2C%20Akoka%2C%20Yaba%2C%20Lagos,MAINLAND,Mainland,6.515759,3.3898447,https://tikeraafrica.org/mad-house/,@madhousebytikera,,,
Mobee Museum,"Privately-owned museum run by descendants of the Mobee royal family of Badagry, displaying original slave-trade relics including manacles and a branding iron once belonging to slave merchant Sunbu Mobee, whose grave is on-site.",Museums,"Mobee Street (Boekoh Quarters), off General Hospital Road, Marina, Badagry, Lagos",https://www.google.com/maps/search/?api=1&query=Mobee%20Museum%2C%20Mobee%20Street%20%28Boekoh%20Quarters%29%2C%20off%20General%20Hospital%20Road%2C%20Marina%2C%20Badagry%2C%20Lagos,MAINLAND,Mainland,6.553386,3.3863897,https://mobeeslaverelicsmuseum.net,@mobeeslaverelics,+2348138221342,ahfemo2015@gmail.com,8am-6pm daily
Negro Art Gallery,"Small gallery/shop in a Surulere shopping complex selling paintings, drawings, sculptures and crafts by Nigerian/African artists; owned by Funmi Ogbogu.",Art Galleries,"Suite 10, LSDPC Shopping Complex, Bode Thomas, Surulere, Lagos",https://www.google.com/maps/search/?api=1&query=Negro%20Art%20Gallery%2C%20Suite%2010%2C%20LSDPC%20Shopping%20Complex%2C%20Bode%20Thomas%2C%20Surulere%2C%20Lagos,MAINLAND,Mainland,6.4889766,3.363251,https://negroart.com.ng,@negroart_ng,+2348033018769,,Mon-Fri 10am-6pm; Sat 10am-4pm
Oshodi Arts Gallery,"Founded Dec 2020 by Dr. Oshodi Seyi Paul; a large Ikorodu gallery/cultural hub with thousands of artworks and studios for ceramics, textiles/fashion, painting, sculpture, photography, plus workshops and school programs.",Art Galleries,"Plot 115, opposite Nasfat Akasolori, Ikorodu, Lagos",https://www.google.com/maps/search/?api=1&query=Oshodi%20Arts%20Gallery%2C%20Plot%20115%2C%20opposite%20Nasfat%20Akasolori%2C%20Ikorodu%2C%20Lagos,MAINLAND,Mainland,6.6306607,3.520026,https://oshodiartgallery.com,@oshodiartsgallery,+2348054847010,info@oshodiartgallery.com,
Ovuomaroro Studio and Gallery,Studio and permanent gallery for celebrated Nigerian artist Bruce Onobrakpeya's works. A significant space for printmaking and cultural heritage.,Art Hubs/Institutions,"41 Oloje Street, Papa-Ajao, Mushin, Lagos",https://www.google.com/maps/search/?api=1&query=Ovuomaroro%20Studio%20and%20Gallery%2C%2041%20Oloje%20Street%2C%20Papa-Ajao%2C%20Mushin%2C%20Lagos,MAINLAND,Mainland,6.5383827,3.3411781,,@bruce_onobrakpeya,2348060795466,,"{""mon"":""10am-5pm"",""tue"":""10am-5pm"",""wed"":""10am-5pm"",""thu"":""10am-5pm"",""fri"":""10am-5pm"",""sat"":""10am-5pm"",""sun"":""closed""}"
Tim and Carol Gallery of Art,"Nigerian art institution in Ikeja GRA unveiled in 2022 by Wale Fasuyi, showcasing his father Pa Timothy Banjo Fasuyi's collection alongside 100+ Nigerian artists; five-room duplex with cafe, library, craft shop and pool.",Art Galleries,"7a Oba Dosumu Street, Ikeja GRA, Lagos",https://www.google.com/maps/search/?api=1&query=Tim%20and%20Carol%20Gallery%20of%20Art%2C%207a%20Oba%20Dosumu%20Street%2C%20Ikeja%20GRA%2C%20Lagos,MAINLAND,Mainland,6.5807618,3.354537,http://timandcarolgalleryofart.com,@timandcarol_galleryofart,+2348073137222,timandcarolgalleryofart@gmail.com,9am-5pm
Universal Studios of Art,"An artists' hub and studio complex housed within the National Theatre (now Wole Soyinka Centre for Culture and the Creative Arts) in Iganmu; founded early 1980s/formalized 1996 under sculptor Bisi Fakeye, hosts resident sculptors and painters and trains student-trainees yearly.",Art Hubs/Institutions,"National Theatre, Iganmu, Lagos 101245",https://www.google.com/maps/search/?api=1&query=Universal%20Studios%20of%20Art%2C%20National%20Theatre%2C%20Iganmu%2C%20Lagos%20101245,MAINLAND,Mainland,6.4761557,3.3669717,,@universalstudiosofart82,+2348158326664,,
Yusuf Grillo Museum,"Converted former home/studio of the late Nigerian modernist Prof. Yusuf Adebayo Cameron Grillo (1934-2021), managed by GRILLOArt Limited.",Museums,"28 Ogunlowo Street, off Obafemi Awolowo Way, Ikeja, Lagos",https://www.google.com/maps/search/?api=1&query=Yusuf%20Grillo%20Museum%2C%2028%20Ogunlowo%20Street%2C%20off%20Obafemi%20Awolowo%20Way%2C%20Ikeja%2C%20Lagos,MAINLAND,Mainland,6.6060338,3.3443542,https://grilloart.com,@yusufgrillo.museum,,contact@grilloart.com,By appointment only
16by16,"Family-owned ""dual concept art gallery and boutique residence"" in Victoria Island that curates exhibitions and helps organize artist residencies and events alongside its private gathering/hotel space.",Art Galleries,"Flat 16, 16 Kofo Abayomi Street, Victoria Island, Lagos 101241",https://www.google.com/maps/search/?api=1&query=16by16%2C%20Flat%2016%2C%2016%20Kofo%20Abayomi%20Street%2C%20Victoria%20Island%2C%20Lagos%20101241,ISLAND,Victoria Island,6.435358,3.4140322,https://16by16.co,@16by16,+2348149045504,reserve@16by16.co,By appointment only; closed Mondays
Affinity Gallery,Contemporary art gallery in Lagos showcasing works by emerging and established Nigerian artists.,Art Galleries,"Unit 2, 1-7 Muri Okunola Street, Victoria Island, Lagos",https://www.google.com/maps/search/?api=1&query=Affinity%20Gallery%2C%20Unit%202%2C%201-7%20Muri%20Okunola%20Street%2C%20Victoria%20Island%2C%20Lagos,ISLAND,Victoria Island,6.4333131,3.4398115,,@galleryaffinity,,,
African Artists Foundation,Non-profit foundation in Victoria Island dedicated to promoting and supporting African artists through programmes and exhibitions.,Art Hubs/Institutions,"3b Isiola Oyekan Close, Off Kofo Abayomi Street, Victoria Island, Lagos",https://www.google.com/maps/search/?api=1&query=African%20Artists%20Foundation%2C%203b%20Isiola%20Oyekan%20Close%2C%20Off%20Kofo%20Abayomi%20Street%2C%20Victoria%20Island%2C%20Lagos,ISLAND,Victoria Island,6.4353559,3.4168486,https://africanartists.org,@aaf_lagos,2348097713079,,"{""mon"":""9am-5pm"",""tue"":""9am-5pm"",""wed"":""9am-5pm"",""thu"":""9am-5pm"",""fri"":""9am-5pm"",""sat"":""closed"",""sun"":""closed""}"
Alexis Gallery,"Established contemporary art gallery showcasing paintings, drawings, mixed media and sculptures by Nigerian and international artists.",Art Galleries,"282 Akin Olugbade Street, Off Idowu Martins Street, Victoria Island, Lagos",https://www.google.com/maps/search/?api=1&query=Alexis%20Gallery%2C%20282%20Akin%20Olugbade%20Street%2C%20Off%20Idowu%20Martins%20Street%2C%20Victoria%20Island%2C%20Lagos,ISLAND,Victoria Island,6.4314058,3.4203161,https://alexisgalleries.com,@alexisgalleries,2348118777787,,"{""mon"":""10am-6pm"",""tue"":""10am-6pm"",""wed"":""10am-6pm"",""thu"":""10am-6pm"",""fri"":""10am-6pm"",""sat"":""10am-6pm"",""sun"":""closed""}"
Alliance Francaise,"French cultural institute hosting contemporary art exhibitions, film screenings, language courses and cultural events in Lagos.",Art Hubs/Institutions,"Mike Adenuga Centre, 9 Osborne Road, Ikoyi, Lagos",https://www.google.com/maps/search/?api=1&query=Alliance%20Francaise%2C%20Mike%20Adenuga%20Centre%2C%209%20Osborne%20Road%2C%20Ikoyi%2C%20Lagos,ISLAND,Ikoyi,6.460132499999999,3.4324228,https://www.institutfrancais-nigeria.com,@af.lagos,23412621004,,"{""mon"":""8am-7pm"",""tue"":""8am-7pm"",""wed"":""8am-7pm"",""thu"":""8am-7pm"",""fri"":""8am-7pm"",""sat"":""9am-5pm"",""sun"":""closed""}"
Art Twenty One,Sophisticated contemporary art space inside Eko Hotel & Suites. Showcases African and diaspora contemporary art and design. Founded 2014.,Art Galleries,"Eko Hotel & Suites, 1415 Adetokunbo Ademola Street, Victoria Island, Lagos",https://www.google.com/maps/search/?api=1&query=Art%20Twenty%20One%2C%20Eko%20Hotel%20%26%20Suites%2C%201415%20Adetokunbo%20Ademola%20Street%2C%20Victoria%20Island%2C%20Lagos,ISLAND,Victoria Island,6.426604,3.4301281,https://arttwentyone.ng,@arttwentyone,234114606190,info@art21lagos.com,"{""mon"":""by appointment"",""tue"":""10am-6pm"",""wed"":""10am-6pm"",""thu"":""10am-6pm"",""fri"":""10am-6pm"",""sat"":""10am-6pm"",""sun"":""closed""}"
Bloom Art,"Intimate art salon and studio space by Ugoma Adegoke. Works by appointment only, focused on contemporary Nigerian art.",Art Galleries,"Flat 11 Century Flats, 275 Kofo Abayomi Street, Victoria Island, Lagos",https://www.google.com/maps/search/?api=1&query=Bloom%20Art%2C%20Flat%2011%20Century%20Flats%2C%20275%20Kofo%20Abayomi%20Street%2C%20Victoria%20Island%2C%20Lagos,ISLAND,Victoria Island,6.431794,3.4225401,https://www.bloomartlagos.com,@bloomartlagos,2347034030683,ugoma@bloomartlagos.com,"{""mon"":""by appointment"",""tue"":""by appointment"",""wed"":""by appointment"",""thu"":""by appointment"",""fri"":""by appointment"",""sat"":""by appointment"",""sun"":""closed""}"
DIDI Museum,Museum in Victoria Island hosting temporary exhibitions of Nigerian and African art and cultural artefacts.,Art Galleries,"175 Akin Adesola Street, Victoria Island, Lagos",https://www.google.com/maps/search/?api=1&query=DIDI%20Museum%2C%20175%20Akin%20Adesola%20Street%2C%20Victoria%20Island%2C%20Lagos,ISLAND,Victoria Island,6.4323098,3.4241933,,@didimuseum,2348027858094,,"{""mon"":""10am-5pm"",""tue"":""10am-5pm"",""wed"":""10am-5pm"",""thu"":""10am-5pm"",""fri"":""10am-5pm"",""sat"":""10am-4pm"",""sun"":""closed""}"
Fresco Gallery,"Contemporary art gallery founded in 2022 by Ima Ekpo, West Africa's first gallery dedicated to prints/editions by emerging and established African artists.",Nomadic Spaces,,,,,,,https://thefrescogallery.com,@galleryfresco,,contact@thefrescogallery.com,
Guest Artists Space Foundation (GAS),"Non-profit artist residency founded 2019 by Yinka Shonibare CBE RA, hosted in an award-winning building; runs residencies for international artists, researchers and curators, with a companion farm site in Ijebu-Ode, Ogun State.",Art Hubs/Institutions,"Oniru, Victoria Island, Lagos (exact plot/street not published)",https://www.google.com/maps/search/?api=1&query=Guest%20Artists%20Space%20Foundation%20%28GAS%29%2C%20Oniru%2C%20Victoria%20Island%2C%20Lagos%20%28exact%20plot/street%20not%20published%29,ISLAND,Victoria Island,6.4467879,3.4340729,https://guestartistsspace.com,@gasfoundation,,info@guestartistsspace.com,
Hourglass Gallery,Established gallery founded in 1996 by Dozie Igweze hosting temporary exhibitions and permanent displays of contemporary Nigerian art.,Art Galleries,"979 Saka Jojo Street, Victoria Island, Lagos",https://www.google.com/maps/search/?api=1&query=Hourglass%20Gallery%2C%20979%20Saka%20Jojo%20Street%2C%20Victoria%20Island%2C%20Lagos,ISLAND,Victoria Island,6.4273049,3.4128116,https://hourglassgallery.com,@hourglass_lagos,2348033016103,,"{""mon"":""10am-6pm"",""tue"":""10am-6pm"",""wed"":""10am-6pm"",""thu"":""10am-6pm"",""fri"":""10am-6pm"",""sat"":""10am-6pm"",""sun"":""closed""}"
MÌLÍKÍ,"A private members' social and cultural club/retreat for Lagos creatives, artists and intellectuals, hosting art exhibitions, music nights and idea-exchange events.",Art Hubs/Institutions,"7B Etim Inyang Crescent, Victoria Island, Lagos",https://www.google.com/maps/search/?api=1&query=M%C3%8CL%C3%8DK%C3%8D%2C%207B%20Etim%20Inyang%20Crescent%2C%20Victoria%20Island%2C%20Lagos,ISLAND,Victoria Island,6.4335117,3.4387812,,@miliki.ng,,,
Nomadic Art Gallery,"Contemporary art gallery on Victoria Island owned by Charlotte Obidairo, focused on diasporic/pan-African contemporary art and expanding artists' visibility.",Art Galleries,"22 Adetokunbo Ademola Street, Victoria Island, Lagos 106104",https://www.google.com/maps/search/?api=1&query=Nomadic%20Art%20Gallery%2C%2022%20Adetokunbo%20Ademola%20Street%2C%20Victoria%20Island%2C%20Lagos%20106104,ISLAND,Victoria Island,6.436016,3.4303937,https://nomadic-art.com,@nomadic.ag,,,Mon-Sat 10am-6pm
O'DA,"O'DA is a contemporary art gallery in Victoria Island established in 2020 by Nigerian entrepreneur and art patron Obida Obioha, specializing in contemporary African art and design.",Art Galleries,"10 Sir Samuel Manuwa St, Victoria Island, Lagos 101233",https://www.google.com/maps/search/?api=1&query=O%27DA%2C%2010%20Sir%20Samuel%20Manuwa%20St%2C%20Victoria%20Island%2C%20Lagos%20101233,ISLAND,Victoria Island,6.4364976,3.4360517,https://www.odaartgallery.com,@o.da_art,+2349061816077,info@odaartgallery.com,Tue-Sat 11am-6pm
Red Door Gallery,Contemporary art gallery in Victoria Island described as purveyors of unpredictable art. Hosts temporary exhibitions and permanent displays.,Art Galleries,"51b Bishop Oluwole Street, Victoria Island, Lagos",https://www.google.com/maps/search/?api=1&query=Red%20Door%20Gallery%2C%2051b%20Bishop%20Oluwole%20Street%2C%20Victoria%20Island%2C%20Lagos,ISLAND,Victoria Island,6.42406,3.4210696,https://reddoorgallery.com,@reddoorng,2349087333667,info@reddoorgallery.com,"{""mon"":""10am-6pm"",""tue"":""10am-6pm"",""wed"":""10am-6pm"",""thu"":""10am-6pm"",""fri"":""10am-6pm"",""sat"":""10am-6pm"",""sun"":""closed""}"
Society for Art Collection (SARTCOL),"Registered non-profit society co-founded by Prof. Fabian Ajogwu (SAN) and inaugurated in 2019, providing a platform for art collectors, artists and enthusiasts to network and be educated on provenance, collecting practice, and artists' rights.",Art Hubs/Institutions,"8 Ogunyemi Road, Palace Way, Oniru, Victoria Island, Lagos",https://www.google.com/maps/search/?api=1&query=Society%20for%20Art%20Collection%20%28SARTCOL%29%2C%208%20Ogunyemi%20Road%2C%20Palace%20Way%2C%20Oniru%2C%20Victoria%20Island%2C%20Lagos,ISLAND,Victoria Island,6.4288187,3.4505051,https://sartcol.org,@societyforartcollection,+2348158390722,enquiries@sartcol.org,
TCA Gallery,"The Children's Art Gallery (TCAG) — a social enterprise and the first gallery in the world exhibiting solely art made by children (under 18); founded in Lagos, now also operating in Ghana and Zimbabwe. Instagram: @tcaglagos.",Art Galleries,"Victoria Island, Lagos (exact street address not confirmed)",https://www.google.com/maps/search/?api=1&query=TCA%20Gallery%2C%20Victoria%20Island%2C%20Lagos%20%28exact%20street%20address%20not%20confirmed%29,ISLAND,Victoria Island,6.4384748,3.4336101,https://www.tcagallery.com,@tca_gallery,+2348104193264,info@tcagallery.com,
Terra Kulture,"Premier Nigerian cultural centre and theatre arts hub founded by Bolanle Austen-Peters in 2003. Houses gallery, restaurant, bookstore, language school and theatre.",Art Hubs/Institutions,"Plot 1376 Tiamiyu Savage Street, Victoria Island, Lagos",https://www.google.com/maps/search/?api=1&query=Terra%20Kulture%2C%20Plot%201376%20Tiamiyu%20Savage%20Street%2C%20Victoria%20Island%2C%20Lagos,ISLAND,Victoria Island,6.4251323,3.4268301,https://terrakulture.com,@terrakulture,23412700588,info@terrakulture.com,"{""mon"":""9am-10pm"",""tue"":""9am-10pm"",""wed"":""9am-10pm"",""thu"":""9am-10pm"",""fri"":""9am-10pm"",""sat"":""9am-10pm"",""sun"":""12pm-10pm""}"
The Art Hotel,"Five-star boutique hotel (opened July 2022) in Oniru, Victoria Island, that runs an in-house public art gallery of Nigerian art, curated and rotated monthly.",Art Galleries,"Plot 13A, Block III, Yesufu Abiodun Oniru Way, Oniru, Victoria Island, Lagos",https://www.google.com/maps/search/?api=1&query=The%20Art%20Hotel%2C%20Plot%2013A%2C%20Block%20III%2C%20Yesufu%20Abiodun%20Oniru%20Way%2C%20Oniru%2C%20Victoria%20Island%2C%20Lagos,ISLAND,Victoria Island,6.4310486,3.4433965,https://arthotelng.com,@art.hotelng,+2349166105381,info@arthotelng.com,Mon-Sun 8am-10pm
Tiwani Contemporary,International contemporary gallery with 2000 sq ft white cube space with 7m+ walls. Founded 2011 by Maria Varnava. Champions African and diaspora artists globally with spaces also in London.,Art Galleries,"13 Elsie Femi Pearse Street, Victoria Island, Lagos",https://www.google.com/maps/search/?api=1&query=Tiwani%20Contemporary%2C%2013%20Elsie%20Femi%20Pearse%20Street%2C%20Victoria%20Island%2C%20Lagos,ISLAND,Victoria Island,6.4337233,3.4112462,https://tiwani.co.uk,@tiwanicontemporary,2348130519602,info@tiwani.co.uk,"{""mon"":""closed"",""tue"":""12pm-6pm"",""wed"":""12pm-6pm"",""thu"":""12pm-6pm"",""fri"":""12pm-6pm"",""sat"":""12pm-6pm"",""sun"":""closed""}"
Windsor Gallery,"Part of a multi-city gallery group (also in Abidjan and Abuja), opened in Victoria Island in September 2023 with its inaugural exhibition ""State of Africa,"" showcasing contemporary and modern African art across painting, sculpture and photography.",Art Galleries,"4c Goriola Street, Victoria Island, Lagos",https://www.google.com/maps/search/?api=1&query=Windsor%20Gallery%2C%204c%20Goriola%20Street%2C%20Victoria%20Island%2C%20Lagos,ISLAND,Victoria Island,6.431705,3.4133055,https://www.windsor-gallery.com,@windsor.gallery_lagos,+2349139015506,lagos@windsor-gallery.com,
Yenwa Gallery,"Art gallery in Victoria Island founded in 2021 by Ugonna Ibe, opened as a physical space in April 2023; exhibits contemporary African painting and sculpture with a focus on photography and new media, includes a library/workspace for workshops.",Art Galleries,"6 Muri Okunola Street, Victoria Island, Lagos",https://www.google.com/maps/search/?api=1&query=Yenwa%20Gallery%2C%206%20Muri%20Okunola%20Street%2C%20Victoria%20Island%2C%20Lagos,ISLAND,Victoria Island,6.4332802,3.4399277,https://www.yenwagallery.com,@yenwagallery,,,
+234 Art Fair (Plus234 Art Fair),"A curated art fair in Lagos celebrating contemporary Nigerian/African art and creativity, spanning digital art, 2D/fine art, sculpture and photography. Annual, most recent (3rd) edition held March 2026 at Ecobank Pan African Center, Lagos.",Art Festivals,,,,,,,https://plus234art.com,@plus234art,,,
ART X Lagos,"West Africa's leading international art fair, showcasing contemporary art and culture from Africa and its diaspora, founded 2016 by Tokini Peterside-Schwebig; includes music, film and talks programming. Annual, next edition Nov 2026.",Art Festivals,,,,,,,https://www.artxlagos.com,@artxlagos,,,
Creath Innovations,"Lagos-based art-and-culture/Web3 platform blending blockchain with contemporary African art; runs a digital art marketplace, the “Emerging Expressions” undergraduate art fair, and physical showcases.",Nomadic Spaces,"Lagos, Nigeria",https://www.google.com/maps/search/?api=1&query=Creath%20Innovations%2C%20Lagos%2C%20Nigeria,,,6.4472507,3.4859156,https://www.creath.io,@creathlabs,,,
Lagos Biennial,"A not-for-profit contemporary art platform under the Akete Art Foundation, founded 2017; presents exhibitions, public programs, publications and residencies at historically/politically significant Lagos venues. Biennial; 2026 edition planned for Oct 2026.",Art Festivals,,,,,,,https://lagos-biennial.org,@lagos_biennial,,,
Lagos Street Art Festival,"Street art festival transforming Lagos neighborhoods into an open-air mural gallery, featuring Nigerian and international artists creating large-scale murals. Inaugural edition (""Legendary Lagos: City of Dreams"") held Dec 2025 — too early to confirm annual recurrence.",Art Festivals,,,,,,,https://lagosstreetartfestival.com,@lagosstreetartfestival,,,
LagosPhoto Festival,"The largest international photography festival in Nigeria, founded 2010 by Azu Nwagbogu of the African Artists' Foundation; month-long program of exhibitions, workshops, residencies and talks. Transitioning from annual to biennial starting with its 2025 edition.",Art Festivals,,,,,,,https://www.lagosphotofestival.com,@lagosphotofestival,,,
Miniature Art Fair Lagos,"Nigeria's largest exhibition of portable/small-format artworks, organized by Iwalewa Gallery of Art and Ogirikan; showcases 1,000+ miniature pieces by established and emerging artists. Annual, began 2018.",Art Festivals,,,,,,,https://miniatureartfairlagos.com,@miniartlagos,,,
Nuru gallery,"a minimalist contemporary art space co-founded by Khadijah Okoya, located inside Eleganza House on Lagos Island, Nigeria",Art Galleries,"Eleganza House, 15B Joseph Harden St, Lagos Island, Lagos 102273, Lagos, Nigeria",https://www.google.com/maps/search/?api=1&query=Nuru%20gallery,ISLAND,Lagos Island,6.4500901,3.3946113,https://nuru-gallery.com/,@nuru.gallery,,info@nuru-gallery.com,"{""mon"":""closed"",""tue"":""closed"",""wed"":""12pm-6pm"",""thu"":""12pm-6pm"",""fri"":""12pm-6pm"",""sat"":""1pm-6pm"",""sun"":""closed""}"
Obodo,Lagos-based non-profit (founded 2022) supporting queer Nigerian artists through grants and residencies. Operates as a fund/organization rather than a walk-in venue — no physical office or exhibition space.,Nomadic Spaces,,,,,,,https://www.obodonigeria.org,@obodo_nigeria,,info@obodonigeria.org,
Open House Lagos,"The first and biggest architecture festival in Lagos; a free weekend event giving public access to notable buildings, part of the global Open House Worldwide network. Note: primarily an architecture festival rather than a visual-art fair — confirm fit before publishing.",Art Festivals,,,,,,,https://www.openhouseworldwide.org/lagos,@openhouselagos,,,
Untainted Arts,,Nomadic Spaces,,,,,,,https://substack.com/@untaintedarts,@untainted_arts,,,
Amah Studio,"A multifunctional creative space and members' club set in the Eleganza Building on Lagos Island, combining coworking, a professional photo studio, a bar/kitchen, and rotating exhibitions, DJ residencies, and events such as the weekly 'Traffic Thursday'.",Art Hubs/Institutions,"Eleganza Building, Joseph Harden St, Lagos Island, Lagos",https://www.google.com/maps/search/?api=1&query=Amah%20Studio%2C%20Eleganza%20Building%2C%20Joseph%20Harden%20St%2C%20Lagos%20Island%2C%20Lagos,ISLAND,Lagos Island,6.450133,3.3946078,https://www.amah.studio/,@amahstudios,+2348089326337,info@amah.studio,
Nauhaus,"A cultural platform at the intersection of art, fashion, design, and nightlife in Victoria Island, presenting exhibitions, performances, screenings, and late-night programming showcasing contemporary culture from Africa and beyond.",Art Hubs/Institutions,"6-8 Ahmadu Bello Way, Victoria Island, Lagos 101241",https://www.google.com/maps/search/?api=1&query=Nauhaus%2C%206-8%20Ahmadu%20Bello%20Way%2C%20Victoria%20Island%2C%20Lagos%20101241,ISLAND,Victoria Island,6.429036,3.4092861,https://thenahous.com/,@thenahous,,,Mon-Sun 5pm-12am
Adegbola Gallery,"A contemporary art gallery championing Nigerian and African artists, presenting emerging and established names through exhibitions, art fairs, and special projects.",Art Galleries,"1619 Danmole St, Victoria Island, Lagos 106104",https://www.google.com/maps/search/?api=1&query=Adegbola%20Gallery%2C%201619%20Danmole%20St%2C%20Victoria%20Island%2C%20Lagos%20106104,ISLAND,Victoria Island,6.4281102,3.4134828,https://adegbola.com/,@adegbola.art,+2348143000900,hello@adegbola.com,
Art Pantheon,A contemporary art gallery in Lagos presenting rotating exhibitions of visual art and hosting cultural events and programming.,Art Galleries,"12D Bosun Adekoya, Oniru, Lagos",https://www.google.com/maps/search/?api=1&query=Art%20Pantheon%2C%2012D%20Bosun%20Adekoya%2C%20Oniru%2C%20Lagos,ISLAND,Lekki,6.4265833,3.4585077,https://theartpantheon-ng.com/,,+2348160676523,inquiries@theartpantheon-ng.com,Tue-Sat 10am-5pm; Sun 12pm-6pm; Mon closed (inferred)
Alara,"West Africa's first fashion, luxury and lifestyle concept store, in an Adjaye Associates-designed building, featuring curated international and pan-African designers alongside NOK by Alára, a contemporary pan-African restaurant.",Art Hubs/Institutions,"12a Akin Olugbade St, Victoria Island, Lagos 106104",https://www.google.com/maps/search/?api=1&query=Alara%2C%2012a%20Akin%20Olugbade%20St%2C%20Victoria%20Island%2C%20Lagos%20106104,ISLAND,Victoria Island,6.4305505,3.421366,https://alaralagos.com/,@alaralagos,+2349096852076,store@alaralagos.com,
FF Projects,"A nomadic curatorial platform founded by Faridah Folawiyo supporting contemporary art from Africa and its diaspora through exhibitions, programming, and publishing.",Nomadic Spaces,,,,,,,https://www.ff-projects.com/,@ff_projects_,,hello@ff-projects.com,
Lagos Gallery Weekend,"A citywide, multi-day festival and public engagement initiative spotlighting the diversity of Lagos' art galleries and cultural institutions, uniting galleries, artists, collectors, and enthusiasts under a yearly theme.",Nomadic Spaces,,,,,,,https://lagosgalleryweekend.com/,@lagosgalleryweekend,,,
Polygon,"A bookable creative and event venue in Victoria Island (SpacesPolygon / BR Spaces), positioned as a flexible multipurpose space for exhibitions, events, and creative projects.",Art Hubs/Institutions,"SpacesPolygon and BR Spaces, 5 Oju Olobun Cl, Victoria Island, Lagos 106104",https://www.google.com/maps/search/?api=1&query=Polygon%2C%20SpacesPolygon%20and%20BR%20Spaces%2C%205%20Oju%20Olobun%20Cl%2C%20Victoria%20Island%2C%20Lagos%20106104,ISLAND,Victoria Island,6.4289589,3.4151061,https://www.thepolygon.space/,@polygon.hq,+2349166821000,visit@thepolygon.space,By appointment only
Vortex Central,"A multifunctional creative hub in Lekki combining a co-working space for digital artists, a comic-book shop, a geek bar/diner, an event garden, an animation studio, and a sound recording studio.",Art Hubs/Institutions,"2 Adedeji Adekola St, Lekki Phase I, Lagos 106104",https://www.google.com/maps/search/?api=1&query=vortex%20central%2C%202%20Adedeji%20Adekola%20St%2C%20Lekki%20Phase%20I%2C%20Lagos%20106104,ISLAND,Lekki,6.4390189,3.4806886,,@vortexcentral,+2347067253788,operations@vortexcorp.net,
Kalakuta Museum,"Fela Anikulapo Kuti's former residence in Ikeja, transformed into a boutique museum and heritage destination blending Fela's Afrobeat legacy with a boutique hotel, souvenir shop, bar, kitchen, and event space.",Museums,"7 Gbemisola St, Allen, Ikeja 100281",https://www.google.com/maps/search/?api=1&query=Kalakuta%20Museum%2C%207%20Gbemisola%20St%2C%20Allen%2C%20Ikeja%20100281,MAINLAND,Mainland,6.6029648,3.3485867,https://www.kalakutamuseum.com/,@kalakutamuseum,+2347012387667,favour@kalakutamuseums.com,
 Akóko,"Billed as the first design gallery in Lagos - a multidisciplinary space combining art, fashion, design, and experience, including recurring events such as its 'Sunday Rice' brunch.",Art Galleries,"5 Modupe Alakija Crescent, Lagos Island, Lagos 106104",https://www.google.com/maps/search/?api=1&query=Akoko%20Lagos%2C%205%20Modupe%20Alakija%20Crescent%2C%20Lagos%20Island%2C%20Lagos%20106104,ISLAND,Ikoyi,6.4622034,3.4307031,,@akokolagos,,,
Clay of Lagos,"A handmade ceramics and pottery studio offering wheel-thrown, hand-finished pieces, pottery workshops, and pottery supplies for makers of all levels.",Art Hubs/Institutions,"285 Akin Olugbade St, Victoria Island, Lagos 101241",https://www.google.com/maps/search/?api=1&query=Clay%20of%20Lagos%2C%20285%20Akin%20Olugbade%20St%2C%20Victoria%20Island%2C%20Lagos%20101241,ISLAND,Victoria Island,6.4310262,3.4219865,https://clayoflagos.com/,@clay_of_lagos,,admin@clayoflagos.com,
Vintage Africana,"A nostalgic vintage museum, restaurant, and photo-booth content-creation hub recreating Nigerian lifestyle and décor from the 1960s-1990s, with era-accurate furniture, a mini gallery of portraits of famous Africans, and Nigerian cuisine.",Museums,"6 William Elliot St, Oko-oba, Ifako-Ijaiye, Lagos 101232",https://www.google.com/maps/search/?api=1&query=Vintage%20Africana%2C%206%20William%20Elliot%20St%2C%20Oko-oba%2C%20Ifako-Ijaiye%2C%20Lagos%20101232,MAINLAND,Mainland,6.6592237,3.3111474,,@vintageafricanalagos,+2348084607123,,Daily 11am-8pm (reservation required)
ALALI,"A boutique creative studio in Victoria Island offering guided, artist-led experiences including painting, pottery, candle-making, wine tasting, and cocktail classes, plus private celebrations and team-bonding packages.",Art Hubs/Institutions,"32 Musa Yar'Adua Street, Victoria Island, Lagos",https://www.google.com/maps/search/?api=1&query=alali.studio%2C%2032%20Musa%20Yar%27Adua%20Street%2C%20Victoria%20Island%2C%20Lagos,ISLAND,Victoria Island,6.4315633,3.4190009,https://alali.ng/,@alali.studio,+2349040000081,studio@alali.ng,Daily 8am-10pm
The Benin Art Gallery,"A contemporary gallery space dedicated to modern and contemporary African art, positioned as a community for learning, dialogue, and collaboration that supports emerging artists.",Art Galleries,"12 Jay Jay Oladimeji St, Lekki Phase I, Lagos 106104",https://www.google.com/maps/search/?api=1&query=thebeninartgallery%2C%2012%20Jay%20Jay%20Oladimeji%20St%2C%20Lekki%20Phase%20I%2C%20Lagos%20106104,ISLAND,Lekki,6.4346533,3.4801895,,@thebeninartgallery,,,
Abela Centre For Olfactory Art,"The first olfactory art centre of its kind in Sub-Saharan Africa - an immersive space dedicated to scent, offering perfume-creation workshops, an olfaction library of 1,000+ ingredients, and exhibitions celebrating African culture through scent.",Art Hubs/Institutions,"385 Herbert Macaulay Way, Yaba, Lagos 101245",https://www.google.com/maps/search/?api=1&query=Abela%20Centre%20For%20Olfactory%20Art%2C%20385%20Herbert%20Macaulay%20Way%2C%20Yaba%2C%20Lagos%20101245,MAINLAND,Mainland,6.5155106,3.3755839,https://abelacentre.org/,@abela_olfactoryartcentre,+2348095857777,info@abelacentre.org,Mon-Fri 9am-6pm; Sat 10am-5pm; Sun closed
NK ART SPACE,"A contemporary art gallery and exhibition space promoting visual art exhibitions and functioning as an arts shop for collectors, professionals, and enthusiasts alike.",Art Galleries,"4 Omoseinde Agbaje Ave, John Okafor St, Agungi, Lekki 101245, Lagos",https://www.google.com/maps/search/?api=1&query=NK%20ART%20SPACE%2C%204%20Omoseinde%20Agbaje%20Ave%2C%20John%20Okafor%20St%2C%20Agungi%2C%20Lekki%20101245%2C%20Lagos,ISLAND,Lekki,6.4514679,3.5221848,https://nkartspace.com/,@nkartspace,+2347077516836,info@nkartspace.com,
Studio Dadas,"An art studio/collective operating out of the Universal Studios of Art at the National Theatre complex in Iganmu, associated with sculptors and visual artists working within the National Theatre's art precinct.",Art Hubs/Institutions,"Universal Studios of Art, National Theatre, Iganmu Rd, Ijora Olopa, Lagos 101245",https://www.google.com/maps/search/?api=1&query=studioDADAS%2C%20Universal%20Studios%20of%20Art%2C%20National%20Theatre%2C%20Iganmu%20Rd%2C%20Ijora%20Olopa%2C%20Lagos%20101245,MAINLAND,Mainland,6.4761557,3.3669717,,https://www.facebook.com/studiodadas/,,,
MUSON Centre (Musical Society of Nigeria),,Art Hubs/Institutions,"8/9 Marina, Onikan, Lagos Lagos, CCV2+9H3 Race Course, 4aa Force Rd, Lagos Island, Lagos 102273, Lagos, Nigeria",https://www.google.com/maps/search/?api=1&query=The%20MUSON%20Centre%20%28Musical%20Society%20of%20Nigeria%29%2C%20Lagos,ISLAND,Lagos Island,6.443382,3.4014346,https://muson.org/,@musonng,,,
